file_name	link
blca_surv1_blca.tsv.gz NA
blca_surv2_blca.tsv.gz	NA
brca_surv1_brca.tsv.gz	NA
brca_surv2_brca.tsv.gz	NA
gbm_surv1_gbm.tsv.gz	NA
gbm_surv2_gbm.tsv.gz	NA
hnsc_surv1_hnsc.tsv.gz	NA
hnsc_surv2_hnsc.tsv.gz	NA
laml_surv1_laml.tsv.gz	NA
laml_surv2_laml.tsv.gz	NA
lgg_surv1_lgg.tsv.gz	NA
lgg_surv2_lgg.tsv.gz	NA
lihc_surv1_lihc.tsv.gz	NA
lihc_surv2_lihc.tsv.gz	NA
kirc_surv1_kirc.tsv.gz	NA
kirc_surv2_kirc.tsv.gz	NA
ov_surv1_ov.tsv.gz	NA
ov_surv2_ov.tsv.gz	NA
sarc_surv1_sarc.tsv.gz	NA
sarc_surv2_sarc.tsv.gz	NA
skcm_surv1_skcm.tsv.gz	NA
skcm_surv2_skcm.tsv.gz	NA
stad_surv1_stad.tsv.gz	NA
stad_surv2_stad.tsv.gz	NA
luad_surv1_luad.tsv.gz	NA
luad_surv2_luad.tsv.gz	NA
lusc_surv1_lusc.tsv.gz	NA
lusc_surv2_lusc.tsv.gz	NA
cnv_stad.tsv.gz	https://ndownloader.figshare.com/files/5472878?private_link=6ea16dfe16cc01e0e94e
methyl_stad.tsv.gz 	https://ndownloader.figshare.com/files/5472926?private_link=6ea16dfe16cc01e0e94e
mirna_stad.tsv.gz	https://ndownloader.figshare.com/files/5472929?private_link=6ea16dfe16cc01e0e94e
mrna_stad.tsv.gz	https://ndownloader.figshare.com/files/5472932?private_link=6ea16dfe16cc01e0e94e
mut_stad.tsv.gz	https://ndownloader.figshare.com/files/5472935?private_link=6ea16dfe16cc01e0e94e
rppa_stad.tsv.gz	https://ndownloader.figshare.com/files/5472938?private_link=6ea16dfe16cc01e0e94e
stad_cov_age.tsv.gz	https://ndownloader.figshare.com/files/5500946?private_link=6ea16dfe16cc01e0e94e
stad_cov_gender.tsv.gz	https://ndownloader.figshare.com/files/5500958?private_link=6ea16dfe16cc01e0e94e
stad_cov_grade.tsv.gz	https://ndownloader.figshare.com/files/5500955?private_link=6ea16dfe16cc01e0e94e
stad_cov_other_dx.tsv.gz	https://ndownloader.figshare.com/files/5500949?private_link=6ea16dfe16cc01e0e94e
stad_cov_pstage.tsv.gz	https://ndownloader.figshare.com/files/5500967?private_link=6ea16dfe16cc01e0e94e
stad_cov_pstage_m.tsv.gz	https://ndownloader.figshare.com/files/5500952?private_link=6ea16dfe16cc01e0e94e
stad_cov_pstage_n.tsv.gz	https://ndownloader.figshare.com/files/5500961?private_link=6ea16dfe16cc01e0e94e
stad_cov_pstage_t.tsv.gz	https://ndownloader.figshare.com/files/5500964?private_link=6ea16dfe16cc01e0e94e
stad_cov_subdiv.tsv.gz	https://ndownloader.figshare.com/files/5500970?private_link=6ea16dfe16cc01e0e94e
stad_cv_grade.tsv.gz	https://ndownloader.figshare.com/files/5500973?private_link=6ea16dfe16cc01e0e94e
stad_cv_pstage.tsv.gz	https://ndownloader.figshare.com/files/5500985?private_link=6ea16dfe16cc01e0e94e
stad_cv_pstage_m.tsv.gz	https://ndownloader.figshare.com/files/5500976?private_link=6ea16dfe16cc01e0e94e
stad_cv_pstage_n.tsv.gz	https://ndownloader.figshare.com/files/5500979?private_link=6ea16dfe16cc01e0e94e
stad_cv_pstage_t.tsv.gz	https://ndownloader.figshare.com/files/5500982?private_link=6ea16dfe16cc01e0e94e
stad_cv_subdiv.tsv.gz	https://ndownloader.figshare.com/files/5500988?private_link=6ea16dfe16cc01e0e94e
stad_cv_early_onset_50.tsv.gz	https://ndownloader.figshare.com/files/5535620?private_link=6ea16dfe16cc01e0e94e
skcm_cov_age.tsv.gz	https://ndownloader.figshare.com/files/5523170?private_link=8e821ea5f83b30c043bc
skcm_cov_gender.tsv.gz	https://ndownloader.figshare.com/files/5523182?private_link=8e821ea5f83b30c043bc
skcm_cov_neoadj.tsv.gz	https://ndownloader.figshare.com/files/5523176?private_link=8e821ea5f83b30c043bc
skcm_cov_other_dx.tsv.gz	https://ndownloader.figshare.com/files/5523209?private_link=8e821ea5f83b30c043bc
skcm_cov_prim_melanoma.tsv.gz	https://ndownloader.figshare.com/files/5523188?private_link=8e821ea5f83b30c043bc
skcm_cov_pstage_m.tsv.gz	https://ndownloader.figshare.com/files/5523185?private_link=8e821ea5f83b30c043bc
skcm_cov_pstage_n.tsv.gz	https://ndownloader.figshare.com/files/5523173?private_link=8e821ea5f83b30c043bc
skcm_cov_pstage_t.tsv.gz	https://ndownloader.figshare.com/files/5523179?private_link=8e821ea5f83b30c043bc
skcm_cov_pstage.tsv.gz	https://ndownloader.figshare.com/files/5523191?private_link=8e821ea5f83b30c043bc
skcm_cov_race_ethn.tsv.gz	https://ndownloader.figshare.com/files/5523194?private_link=8e821ea5f83b30c043bc
skcm_cov_relapse.tsv.gz	https://ndownloader.figshare.com/files/5523197?private_link=8e821ea5f83b30c043bc
skcm_cov_site.tsv.gz	https://ndownloader.figshare.com/files/5523203?private_link=8e821ea5f83b30c043bc
skcm_cv_prim_melanoma.tsv.gz	https://ndownloader.figshare.com/files/5523200?private_link=8e821ea5f83b30c043bc
skcm_cv_pstage_m.tsv.gz	https://ndownloader.figshare.com/files/5523212?private_link=8e821ea5f83b30c043bc
skcm_cv_pstage_n.tsv.gz	https://ndownloader.figshare.com/files/5523206?private_link=8e821ea5f83b30c043bc
skcm_cv_pstage_t.tsv.gz	https://ndownloader.figshare.com/files/5523227?private_link=8e821ea5f83b30c043bc
skcm_cv_pstage.tsv.gz	https://ndownloader.figshare.com/files/5523215?private_link=8e821ea5f83b30c043bc
skcm_cv_race_ethn.tsv.gz	https://ndownloader.figshare.com/files/5523218?private_link=8e821ea5f83b30c043bc
skcm_cv_relapse.tsv.gz	https://ndownloader.figshare.com/files/5523224?private_link=8e821ea5f83b30c043bc
skcm_cv_site_skcm.tsv.gz	https://ndownloader.figshare.com/files/5523221?private_link=8e821ea5f83b30c043bc
skcm_cv_early_onset_40.tsv.gz	https://ndownloader.figshare.com/files/5535614?private_link=8e821ea5f83b30c043bc
skcm_cv_early_onset_50.tsv.gz	https://ndownloader.figshare.com/files/5535617?private_link=8e821ea5f83b30c043bc
cnv_skcm.tsv.gz	https://ndownloader.figshare.com/files/5523230?private_link=8e821ea5f83b30c043bc
methyl_skcm.tsv.gz	https://ndownloader.figshare.com/files/5523233?private_link=8e821ea5f83b30c043bc
mirna_skcm.tsv.gz	https://ndownloader.figshare.com/files/5523236?private_link=8e821ea5f83b30c043bc
mrna_skcm.tsv.gz	https://ndownloader.figshare.com/files/5523239?private_link=8e821ea5f83b30c043bc
mut_skcm.tsv.gz	https://ndownloader.figshare.com/files/5524979?private_link=8e821ea5f83b30c043bc
rppa_skcm.tsv.gz	https://ndownloader.figshare.com/files/5523245?private_link=8e821ea5f83b30c043bc
rppa_sarc.tsv.gz	https://ndownloader.figshare.com/files/5523257?private_link=0787c633c49c856c0f51
sarc_cv_subtype.tsv.gz	https://ndownloader.figshare.com/files/5523293?private_link=0787c633c49c856c0f51
sarc_cov_other_dx.tsv.gz	https://ndownloader.figshare.com/files/5523290?private_link=0787c633c49c856c0f51
sarc_cov_gender.tsv.gz	https://ndownloader.figshare.com/files/5523287?private_link=0787c633c49c856c0f51
sarc_cov_race.tsv.gz	https://ndownloader.figshare.com/files/5523284?private_link=0787c633c49c856c0f51
sarc_cov_multifocal.tsv.gz	https://ndownloader.figshare.com/files/5523281?private_link=0787c633c49c856c0f51
sarc_cv_race.tsv.gz	https://ndownloader.figshare.com/files/5523278?private_link=0787c633c49c856c0f51
sarc_cv_multifocal.tsv.gz	https://ndownloader.figshare.com/files/5523275?private_link=0787c633c49c856c0f51
sarc_cov_age.tsv.gz	https://ndownloader.figshare.com/files/5523272?private_link=0787c633c49c856c0f51
sarc_cv_early_onset_40.tsv.gz	https://ndownloader.figshare.com/files/5535608?private_link=0787c633c49c856c0f51
sarc_cv_early_onset_50.tsv.gz	https://ndownloader.figshare.com/files/5535611?private_link=0787c633c49c856c0f51
cnv_sarc.tsv.gz	https://ndownloader.figshare.com/files/5523269?private_link=0787c633c49c856c0f51
methyl_sarc.tsv.gz	https://ndownloader.figshare.com/files/5523266?private_link=0787c633c49c856c0f51
mirna_sarc.tsv.gz	https://ndownloader.figshare.com/files/5523263?private_link=0787c633c49c856c0f51
mrna_sarc.tsv.gz	https://ndownloader.figshare.com/files/5523260?private_link=0787c633c49c856c0f51
sarc_cov_subtype.tsv.gz	https://ndownloader.figshare.com/files/5523296?private_link=0787c633c49c856c0f51
ov_cov_age.tsv.gz	https://ndownloader.figshare.com/files/5523299?private_link=eeec0fc5faf492924b64
ov_cov_cstage_.tsv.gz	https://ndownloader.figshare.com/files/5523305?private_link=eeec0fc5faf492924b64
ov_cov_grade.tsv.gz	https://ndownloader.figshare.com/files/5523308?private_link=eeec0fc5faf492924b64
ov_cov_race.tsv.gz	https://ndownloader.figshare.com/files/5523311?private_link=eeec0fc5faf492924b64
ov_cov_subdiv.tsv.gz	https://ndownloader.figshare.com/files/5523314?private_link=eeec0fc5faf492924b64
ov_cv_cstage.tsv.gz	https://ndownloader.figshare.com/files/5523320?private_link=eeec0fc5faf492924b64
ov_cv_grade.tsv.gz	https://ndownloader.figshare.com/files/5523302?private_link=eeec0fc5faf492924b64
ov_cv_race.tsv.gz	https://ndownloader.figshare.com/files/5523317?private_link=eeec0fc5faf492924b64
ov_cv_subdiv.tsv.gz	https://ndownloader.figshare.com/files/5523323?private_link=eeec0fc5faf492924b64
ov_cv_early_onset_50.tsv.gz	https://ndownloader.figshare.com/files/5535605?private_link=eeec0fc5faf492924b64
rppa_ov.tsv.gz	https://ndownloader.figshare.com/files/5523326?private_link=eeec0fc5faf492924b64
mut_ov.tsv.gz	https://ndownloader.figshare.com/files/5523329?private_link=eeec0fc5faf492924b64
mrna_ov.tsv.gz	https://ndownloader.figshare.com/files/5523332?private_link=eeec0fc5faf492924b64
mirna_ov.tsv.gz	https://ndownloader.figshare.com/files/5523335?private_link=eeec0fc5faf492924b64
cnv_ov.tsv.gz	https://ndownloader.figshare.com/files/5523338?private_link=eeec0fc5faf492924b64
lusc_cov_pstage.tsv.gz	https://ndownloader.figshare.com/files/5523341?private_link=92f268adcfbe314ea1ad
mut_lusc.tsv.gz	https://ndownloader.figshare.com/files/5523383?private_link=92f268adcfbe314ea1ad
mrna_lusc.tsv.gz	https://ndownloader.figshare.com/files/5523380?private_link=92f268adcfbe314ea1ad
mirna_lusc.tsv.gz	https://ndownloader.figshare.com/files/5523377?private_link=92f268adcfbe314ea1ad
methyl_lusc.tsv.gz	https://ndownloader.figshare.com/files/5523374?private_link=92f268adcfbe314ea1ad
cnv_lusc.tsv.gz	https://ndownloader.figshare.com/files/5523371?private_link=92f268adcfbe314ea1ad
lusc_cv_subdiv.tsv.gz	https://ndownloader.figshare.com/files/5523368?private_link=92f268adcfbe314ea1ad
lusc_cv_pstage.tsv.gz	https://ndownloader.figshare.com/files/5523365?private_link=92f268adcfbe314ea1ad
lusc_cv_pstage_t.tsv.gz	https://ndownloader.figshare.com/files/5523362?private_link=92f268adcfbe314ea1ad
lusc_cv_pstage_n.tsv.gz	https://ndownloader.figshare.com/files/5523359?private_link=92f268adcfbe314ea1ad
lusc_cov_gender.tsv.gz	https://ndownloader.figshare.com/files/5523356?private_link=92f268adcfbe314ea1ad
lusc_cov_pstage_n.tsv.gz	https://ndownloader.figshare.com/files/5523353?private_link=92f268adcfbe314ea1ad
lusc_cov_pstage_t.tsv.gz	https://ndownloader.figshare.com/files/5523350?private_link=92f268adcfbe314ea1ad
lusc_cov_subidv.tsv.gz	https://ndownloader.figshare.com/files/5523347?private_link=92f268adcfbe314ea1ad
lusc_cov_other_dx.tsv.gz	https://ndownloader.figshare.com/files/5523344?private_link=92f268adcfbe314ea1ad
rppa_lusc.tsv.gz	https://ndownloader.figshare.com/files/5523386?private_link=92f268adcfbe314ea1ad
luad_cov_age.tsv.gz	https://ndownloader.figshare.com/files/5523389?private_link=177cae9c3db70a56d1c2
mut_luad.tsv.gz	https://ndownloader.figshare.com/files/5523437?private_link=177cae9c3db70a56d1c2
mrna_luad.tsv.gz	https://ndownloader.figshare.com/files/5523434?private_link=177cae9c3db70a56d1c2
mirna_luad.tsv.gz	https://ndownloader.figshare.com/files/5523431?private_link=177cae9c3db70a56d1c2
methyl_luad.tsv.gz	https://ndownloader.figshare.com/files/5523428?private_link=177cae9c3db70a56d1c2
cnv_luad.tsv.gz	https://ndownloader.figshare.com/files/5523425?private_link=177cae9c3db70a56d1c2
luad_cv_subdiv.tsv.gz	https://ndownloader.figshare.com/files/5523419?private_link=177cae9c3db70a56d1c2
luad_cv_pstage.tsv.gz	https://ndownloader.figshare.com/files/5523416?private_link=177cae9c3db70a56d1c2
luad_cv_pstage_t.tsv.gz	https://ndownloader.figshare.com/files/5523413?private_link=177cae9c3db70a56d1c2
luad_cv_pstage_n.tsv.gz	https://ndownloader.figshare.com/files/5523410?private_link=177cae9c3db70a56d1c2
luad_cov_subdiv.tsv.gz	https://ndownloader.figshare.com/files/5523407?private_link=177cae9c3db70a56d1c2
luad_cov_smoking.tsv.gz	https://ndownloader.figshare.com/files/5523404?private_link=177cae9c3db70a56d1c2
luad_cov_pstage.tsv.gz	https://ndownloader.figshare.com/files/5523401?private_link=177cae9c3db70a56d1c2
luad_cov_pstage_t.tsv.gz	https://ndownloader.figshare.com/files/5523398?private_link=177cae9c3db70a56d1c2
luad_cov_pstage_n.tsv.gz	https://ndownloader.figshare.com/files/5523395?private_link=177cae9c3db70a56d1c2
luad_cov_gender.tsv.gz	https://ndownloader.figshare.com/files/5523392?private_link=177cae9c3db70a56d1c2
luad_cv_early_onset_50.tsv.gz	https://ndownloader.figshare.com/files/5535602?private_link=177cae9c3db70a56d1c2
rppa_luad.tsv.gz	https://ndownloader.figshare.com/files/5523440?private_link=177cae9c3db70a56d1c2
lihc_cov_age.tsv.gz	https://ndownloader.figshare.com/files/5523452?private_link=704d20865a986f1ecd6a
lihc_cov_gender.tsv.gz	https://ndownloader.figshare.com/files/5523473?private_link=704d20865a986f1ecd6a
lihc_cov_grade.tsv.gz	https://ndownloader.figshare.com/files/5523464?private_link=704d20865a986f1ecd6a
lihc_cov_height.tsv.gz	https://ndownloader.figshare.com/files/5523458?private_link=704d20865a986f1ecd6a
lihc_cov_other_dx.tsv.gz	https://ndownloader.figshare.com/files/5523461?private_link=704d20865a986f1ecd6a
lihc_cov_pstage_t.tsv.gz	https://ndownloader.figshare.com/files/5523470?private_link=704d20865a986f1ecd6a
lihc_cov_pstage.tsv.gz	https://ndownloader.figshare.com/files/5523455?private_link=704d20865a986f1ecd6a
lihc_cov_race_ethn.tsv.gz	https://ndownloader.figshare.com/files/5523467?private_link=704d20865a986f1ecd6a
lihc_cov_weight.tsv.gz	https://ndownloader.figshare.com/files/5523476?private_link=704d20865a986f1ecd6a
lihc_cv_grade.tsv.gz	https://ndownloader.figshare.com/files/5523479?private_link=704d20865a986f1ecd6a
lihc_cv_pstage_t.tsv.gz	https://ndownloader.figshare.com/files/5523482?private_link=704d20865a986f1ecd6a
lihc_cv_pstage.tsv.gz	https://ndownloader.figshare.com/files/5523485?private_link=704d20865a986f1ecd6a
lihc_cv_race_ethn.tsv.gz	https://ndownloader.figshare.com/files/5523488?private_link=704d20865a986f1ecd6a
lihc_cv_early_onset_40.tsv.gz	https://ndownloader.figshare.com/files/5535596?private_link=704d20865a986f1ecd6a
lihc_cv_early_onset_50.tsv.gz	https://ndownloader.figshare.com/files/5535599?private_link=704d20865a986f1ecd6a
cnv_lihc.tsv.gz	https://ndownloader.figshare.com/files/5523491?private_link=704d20865a986f1ecd6a
methyl_lihc.tsv.gz	https://ndownloader.figshare.com/files/5523494?private_link=704d20865a986f1ecd6a
mirna_lihc.tsv.gz	https://ndownloader.figshare.com/files/5523497?private_link=704d20865a986f1ecd6a
mrna_lihc.tsv.gz	https://ndownloader.figshare.com/files/5523500?private_link=704d20865a986f1ecd6a
rppa_lihc.tsv.gz	https://ndownloader.figshare.com/files/5523503?private_link=704d20865a986f1ecd6a
lgg_cov_age.tsv.gz	https://ndownloader.figshare.com/files/5523518?private_link=63914afbb5fdd973ccfc
lgg_cov_gender.tsv.gz	https://ndownloader.figshare.com/files/5523524?private_link=63914afbb5fdd973ccfc
lgg_cov_grade.tsv.gz	https://ndownloader.figshare.com/files/5523536?private_link=63914afbb5fdd973ccfc
lgg_cov_hx_head.tsv.gz	https://ndownloader.figshare.com/files/5523530?private_link=63914afbb5fdd973ccfc
lgg_cov_hx_seiz.tsv.gz	https://ndownloader.figshare.com/files/5523533?private_link=63914afbb5fdd973ccfc
lgg_cov_lateral.tsv.gz	https://ndownloader.figshare.com/files/5523527?private_link=63914afbb5fdd973ccfc
lgg_cov_neoadj.tsv.gz	https://ndownloader.figshare.com/files/5523521?private_link=63914afbb5fdd973ccfc
lgg_cov_other_dx.tsv.gz	https://ndownloader.figshare.com/files/5523539?private_link=63914afbb5fdd973ccfc
lgg_cov_race_ethn.tsv.gz	https://ndownloader.figshare.com/files/5523542?private_link=63914afbb5fdd973ccfc
lgg_cov_site.tsv.gz	https://ndownloader.figshare.com/files/5523545?private_link=63914afbb5fdd973ccfc
lgg_cov_subtype.tsv.gz	https://ndownloader.figshare.com/files/5523551?private_link=63914afbb5fdd973ccfc
lgg_cv_grade.tsv.gz	https://ndownloader.figshare.com/files/5523548?private_link=63914afbb5fdd973ccfc
lgg_cv_lateral.tsv.gz	https://ndownloader.figshare.com/files/5523554?private_link=63914afbb5fdd973ccfc
lgg_cv_race_ethn.tsv.gz	https://ndownloader.figshare.com/files/5523557?private_link=63914afbb5fdd973ccfc
lgg_cv_site.tsv.gz	https://ndownloader.figshare.com/files/5523560?private_link=63914afbb5fdd973ccfc
lgg_cv_subtype.tsv.gz	https://ndownloader.figshare.com/files/5523563?private_link=63914afbb5fdd973ccfc
lgg_cv_early_onset_40.tsv.gz	https://ndownloader.figshare.com/files/5535590?private_link=63914afbb5fdd973ccfc
lgg_cv_early_onset_50.tsv.gz	https://ndownloader.figshare.com/files/5535593?private_link=63914afbb5fdd973ccfc
cnv_lgg.tsv.gz	https://ndownloader.figshare.com/files/5523566?private_link=63914afbb5fdd973ccfc
methyl_lgg.tsv.gz	https://ndownloader.figshare.com/files/5523569?private_link=63914afbb5fdd973ccfc
mirna_lgg.tsv.gz	https://ndownloader.figshare.com/files/5523572?private_link=63914afbb5fdd973ccfc
mrna_lgg.tsv.gz	https://ndownloader.figshare.com/files/5523575?private_link=63914afbb5fdd973ccfc
mut_lgg.tsv.gz	https://ndownloader.figshare.com/files/5523578?private_link=63914afbb5fdd973ccfc
rppa_lgg.tsv.gz	https://ndownloader.figshare.com/files/5523581?private_link=63914afbb5fdd973ccfc
laml_cov_age.tsv.gz	https://ndownloader.figshare.com/files/5523587?private_link=98736246070ca3c2531b
laml_cov_neoadj.tsv.gz	https://ndownloader.figshare.com/files/5523644?private_link=98736246070ca3c2531b
laml_cov_neutr.tsv.gz	https://ndownloader.figshare.com/files/5523647?private_link=98736246070ca3c2531b
laml_cov_other_dx.tsv.gz	https://ndownloader.figshare.com/files/5523650?private_link=98736246070ca3c2531b
laml_cov_plt.tsv.gz	https://ndownloader.figshare.com/files/5523653?private_link=98736246070ca3c2531b
laml_cov_promono.tsv.gz	https://ndownloader.figshare.com/files/5523656?private_link=98736246070ca3c2531b
laml_cov_promyelo.tsv.gz	https://ndownloader.figshare.com/files/5523659?private_link=98736246070ca3c2531b
laml_cov_race_ethn.tsv.gz	https://ndownloader.figshare.com/files/5523662?private_link=98736246070ca3c2531b
laml_cov_prolympho.tsv.gz	https://ndownloader.figshare.com/files/5523665?private_link=98736246070ca3c2531b
laml_cv_cyto_risk.tsv.gz	https://ndownloader.figshare.com/files/5523668?private_link=98736246070ca3c2531b
laml_cv_fab_code.tsv.gz	https://ndownloader.figshare.com/files/5523671?private_link=98736246070ca3c2531b
laml_cv_race_ethn.tsv.gz	https://ndownloader.figshare.com/files/5523674?private_link=98736246070ca3c2531b
laml_cv_early_onset_40.tsv.gz	https://ndownloader.figshare.com/files/5535584?private_link=98736246070ca3c2531b
laml_cv_early_onset_50.tsv.gz	https://ndownloader.figshare.com/files/5535587?private_link=98736246070ca3c2531b
laml_cov_wbc.tsv.gz	https://ndownloader.figshare.com/files/5523677?private_link=98736246070ca3c2531b
cnv_laml.tsv.gz	https://ndownloader.figshare.com/files/5523680?private_link=98736246070ca3c2531b
methyl_laml.tsv.gz	https://ndownloader.figshare.com/files/5523683?private_link=98736246070ca3c2531b
mrna_laml.tsv.gz	https://ndownloader.figshare.com/files/5523686?private_link=98736246070ca3c2531b
laml_cov_neoadj_hu.tsv.gz	https://ndownloader.figshare.com/files/5523641?private_link=98736246070ca3c2531b
laml_cov_mono.tsv.gz	https://ndownloader.figshare.com/files/5523638?private_link=98736246070ca3c2531b
laml_cov_myelo.tsv.gz	https://ndownloader.figshare.com/files/5523635?private_link=98736246070ca3c2531b
laml_cov_cell_bm.tsv.gz	https://ndownloader.figshare.com/files/5523590?private_link=98736246070ca3c2531b
laml_cov_baso.tsv.gz	https://ndownloader.figshare.com/files/5523593?private_link=98736246070ca3c2531b
laml_cov_cyto_risk.tsv.gz	https://ndownloader.figshare.com/files/5523596?private_link=98736246070ca3c2531b
laml_cov_bands.tsv.gz	https://ndownloader.figshare.com/files/5523599?private_link=98736246070ca3c2531b
laml_cov_blst_perf.tsv.gz	https://ndownloader.figshare.com/files/5523602?private_link=98736246070ca3c2531b
laml_cov_atra.tsv.gz	https://ndownloader.figshare.com/files/5523605?private_link=98736246070ca3c2531b
laml_cov_blst_bm.tsv.gz	https://ndownloader.figshare.com/files/5523608?private_link=98736246070ca3c2531b
laml_cov_eosin.tsv.gz	https://ndownloader.figshare.com/files/5523611?private_link=98736246070ca3c2531b
laml_cov_fab_code.tsv.gz	https://ndownloader.figshare.com/files/5523614?private_link=98736246070ca3c2531b
laml_cov_gender.tsv.gz	https://ndownloader.figshare.com/files/5523617?private_link=98736246070ca3c2531b
laml_cov_hgb.tsv.gz	https://ndownloader.figshare.com/files/5523620?private_link=98736246070ca3c2531b
laml_cov_lympho.tsv.gz	https://ndownloader.figshare.com/files/5523623?private_link=98736246070ca3c2531b
laml_cov_lympho_abn.tsv.gz	https://ndownloader.figshare.com/files/5523626?private_link=98736246070ca3c2531b
laml_cov_metamyelo.tsv.gz	https://ndownloader.figshare.com/files/5523629?private_link=98736246070ca3c2531b
laml_cov_metaphases.tsv.gz	https://ndownloader.figshare.com/files/5523632?private_link=98736246070ca3c2531b
mut_laml.tsv.gz	https://ndownloader.figshare.com/files/5523689?private_link=98736246070ca3c2531b
kirc_cov_age.tsv.gz	https://ndownloader.figshare.com/files/5523695?private_link=85eab6a05d44195fe379
kirc_cov_gender.tsv.gz	https://ndownloader.figshare.com/files/5523716?private_link=85eab6a05d44195fe379
kirc_cov_grade.tsv.gz	https://ndownloader.figshare.com/files/5523701?private_link=85eab6a05d44195fe379
kirc_cov_lateral.tsv.gz	https://ndownloader.figshare.com/files/5523710?private_link=85eab6a05d44195fe379
kirc_cov_other_dx.tsv.gz	https://ndownloader.figshare.com/files/5523704?private_link=85eab6a05d44195fe379
kirc_cov_pstage_m.tsv.gz	https://ndownloader.figshare.com/files/5523707?private_link=85eab6a05d44195fe379
kirc_cov_pstage_t.tsv.gz	https://ndownloader.figshare.com/files/5523698?private_link=85eab6a05d44195fe379
kirc_cov_pstage.tsv.gz	https://ndownloader.figshare.com/files/5523713?private_link=85eab6a05d44195fe379
kirc_cov_race.tsv.gz	https://ndownloader.figshare.com/files/5523719?private_link=85eab6a05d44195fe379
kirc_cv_grade.tsv.gz	https://ndownloader.figshare.com/files/5523722?private_link=85eab6a05d44195fe379
kirc_cv_lateral.tsv.gz	https://ndownloader.figshare.com/files/5523725?private_link=85eab6a05d44195fe379
kirc_cv_pstage_m.tsv.gz	https://ndownloader.figshare.com/files/5523728?private_link=85eab6a05d44195fe379
kirc_cv_pstage_t.tsv.gz	https://ndownloader.figshare.com/files/5523731?private_link=85eab6a05d44195fe379
kirc_cv_pstage.tsv.gz	https://ndownloader.figshare.com/files/5523737?private_link=85eab6a05d44195fe379
kirc_cv_race.tsv.gz	https://ndownloader.figshare.com/files/5523734?private_link=85eab6a05d44195fe379
kirc_cv_early_onset_50.tsv.gz	https://ndownloader.figshare.com/files/5535581?private_link=85eab6a05d44195fe379
rppa_kirc.tsv.gz	https://ndownloader.figshare.com/files/5523740?private_link=85eab6a05d44195fe379
mut_kirc.tsv.gz	https://ndownloader.figshare.com/files/5523743?private_link=85eab6a05d44195fe379
mrna_kirc.tsv.gz	https://ndownloader.figshare.com/files/5523746?private_link=85eab6a05d44195fe379
mirna_kirc.tsv.gz	https://ndownloader.figshare.com/files/5523749?private_link=85eab6a05d44195fe379
methyl_kirc.tsv.gz	https://ndownloader.figshare.com/files/5523752?private_link=85eab6a05d44195fe379
cnv_kirc.tsv.gz	https://ndownloader.figshare.com/files/5523755?private_link=85eab6a05d44195fe379
hnsc_cov_age.tsv.gz	https://ndownloader.figshare.com/files/5523758?private_link=084fe64c9768210f8831
hnsc_cov_alcohol.tsv.gz	https://ndownloader.figshare.com/files/5523761?private_link=084fe64c9768210f8831
hnsc_cov_cstage_n.tsv.gz	https://ndownloader.figshare.com/files/5523764?private_link=084fe64c9768210f8831
hnsc_cov_cstage_t.tsv.gz	https://ndownloader.figshare.com/files/5523767?private_link=084fe64c9768210f8831
hnsc_cov_cstage.tsv.gz	https://ndownloader.figshare.com/files/5523770?private_link=084fe64c9768210f8831
hnsc_cov_gender.tsv.gz	https://ndownloader.figshare.com/files/5523773?private_link=084fe64c9768210f8831
hnsc_cov_grade.tsv.gz	https://ndownloader.figshare.com/files/5523779?private_link=084fe64c9768210f8831
hnsc_cov_neoadj.tsv.gz	https://ndownloader.figshare.com/files/5523776?private_link=084fe64c9768210f8831
hnsc_cov_other_dx.tsv.gz	https://ndownloader.figshare.com/files/5523782?private_link=084fe64c9768210f8831
hnsc_cov_pstage_t.tsv.gz	https://ndownloader.figshare.com/files/5523785?private_link=084fe64c9768210f8831
hnsc_cov_race_ethn.tsv.gz	https://ndownloader.figshare.com/files/5523788?private_link=084fe64c9768210f8831
hnsc_cov_smoking.tsv.gz	https://ndownloader.figshare.com/files/5523791?private_link=084fe64c9768210f8831
hnsc_cov_subdiv.tsv.gz	https://ndownloader.figshare.com/files/5523794?private_link=084fe64c9768210f8831
hnsc_cv_cstage_n.tsv.gz	https://ndownloader.figshare.com/files/5523797?private_link=084fe64c9768210f8831
hnsc_cv_cstage_t.tsv.gz	https://ndownloader.figshare.com/files/5523800?private_link=084fe64c9768210f8831
hnsc_cv_cstage.tsv.gz	https://ndownloader.figshare.com/files/5523803?private_link=084fe64c9768210f8831
hnsc_cv_grade.tsv.gz	https://ndownloader.figshare.com/files/5523806?private_link=084fe64c9768210f8831
hnsc_cv_pstage_t.tsv.gz	https://ndownloader.figshare.com/files/5523815?private_link=084fe64c9768210f8831
hnsc_cv_race_ethn.tsv.gz	https://ndownloader.figshare.com/files/5523809?private_link=084fe64c9768210f8831
hnsc_cv_subdiv.tsv.gz	https://ndownloader.figshare.com/files/5523812?private_link=084fe64c9768210f8831
hnsc_cv_early_onset_50.tsv.gz	https://ndownloader.figshare.com/files/5535578?private_link=084fe64c9768210f8831
cnv_hnsc.tsv.gz	https://ndownloader.figshare.com/files/5523818?private_link=084fe64c9768210f8831
methyl_hnsc.tsv.gz	https://ndownloader.figshare.com/files/5523821?private_link=084fe64c9768210f8831
mirna_hnsc.tsv.gz	https://ndownloader.figshare.com/files/5523824?private_link=084fe64c9768210f8831
mrna_hnsc.tsv.gz	https://ndownloader.figshare.com/files/5523827?private_link=084fe64c9768210f8831
mut_hnsc.tsv.gz	https://ndownloader.figshare.com/files/5523830?private_link=084fe64c9768210f8831
rppa_hnsc.tsv.gz	https://ndownloader.figshare.com/files/5523833?private_link=084fe64c9768210f8831
gbm_cov_age.tsv.gz	https://ndownloader.figshare.com/files/5523848?private_link=09a3f54506fd99d52981
gbm_cov_gender.tsv.gz	https://ndownloader.figshare.com/files/5523857?private_link=09a3f54506fd99d52981
gbm_cov_hx_lgg.tsv.gz	https://ndownloader.figshare.com/files/5523854?private_link=09a3f54506fd99d52981
gbm_cov_neoadj.tsv.gz	https://ndownloader.figshare.com/files/5523869?private_link=09a3f54506fd99d52981
gbm_cov_race.tsv.gz	https://ndownloader.figshare.com/files/5523860?private_link=09a3f54506fd99d52981
gbm_cov_subtype.tsv.gz	https://ndownloader.figshare.com/files/5523851?private_link=09a3f54506fd99d52981
gbm_cv_race.tsv.gz	https://ndownloader.figshare.com/files/5523863?private_link=09a3f54506fd99d52981
gbm_cv_subtype.tsv.gz	https://ndownloader.figshare.com/files/5523866?private_link=09a3f54506fd99d52981
gbm_cv_early_onset_40.tsv.gz	https://ndownloader.figshare.com/files/5535569?private_link=09a3f54506fd99d52981
gbm_cv_early_onset_50.tsv.gz	https://ndownloader.figshare.com/files/5535572?private_link=09a3f54506fd99d52981
cnv_gbm.tsv.gz	https://ndownloader.figshare.com/files/5525012?private_link=09a3f54506fd99d52981
methyl_gbm.tsv.gz	https://ndownloader.figshare.com/files/5523875?private_link=09a3f54506fd99d52981
mrna_gbm.tsv.gz	https://ndownloader.figshare.com/files/5523878?private_link=09a3f54506fd99d52981
mut_gbm.tsv.gz	https://ndownloader.figshare.com/files/5523881?private_link=09a3f54506fd99d52981
rppa_gbm.tsv.gz	https://ndownloader.figshare.com/files/5523884?private_link=09a3f54506fd99d52981
brca_cov_age.tsv.gz	https://ndownloader.figshare.com/files/5523890?private_link=c9e19badb74145cbc58b
brca_cov_estr_r.tsv.gz	https://ndownloader.figshare.com/files/5523896?private_link=c9e19badb74145cbc58b
brca_cov_menopause.tsv.gz	https://ndownloader.figshare.com/files/5523902?private_link=c9e19badb74145cbc58b
brca_cov_other_dx.tsv.gz	https://ndownloader.figshare.com/files/5523899?private_link=c9e19badb74145cbc58b
brca_cov_prog_r.tsv.gz	https://ndownloader.figshare.com/files/5523905?private_link=c9e19badb74145cbc58b
brca_cov_pstage_n.tsv.gz	https://ndownloader.figshare.com/files/5523908?private_link=c9e19badb74145cbc58b
brca_cov_pstage_t.tsv.gz	https://ndownloader.figshare.com/files/5523893?private_link=c9e19badb74145cbc58b
brca_cov_pstage.tsv.gz	https://ndownloader.figshare.com/files/5523911?private_link=c9e19badb74145cbc58b
brca_cov_race.tsv.gz	https://ndownloader.figshare.com/files/5523914?private_link=c9e19badb74145cbc58b
brca_cov_subtype.tsv.gz	https://ndownloader.figshare.com/files/5523917?private_link=c9e19badb74145cbc58b
brca_cv_estr_r.tsv.gz	https://ndownloader.figshare.com/files/5523920?private_link=c9e19badb74145cbc58b
brca_cv_prog_r.tsv.gz	https://ndownloader.figshare.com/files/5523923?private_link=c9e19badb74145cbc58b
brca_cv_pstage_n.tsv.gz	https://ndownloader.figshare.com/files/5523926?private_link=c9e19badb74145cbc58b
brca_cv_pstage_t.tsv.gz	https://ndownloader.figshare.com/files/5523935?private_link=c9e19badb74145cbc58b
brca_cv_race.tsv.gz	https://ndownloader.figshare.com/files/5523932?private_link=c9e19badb74145cbc58b
brca_cv_subtype.tsv.gz	https://ndownloader.figshare.com/files/5523929?private_link=c9e19badb74145cbc58b
brca_cv_early_onset_40.tsv.gz	https://ndownloader.figshare.com/files/5535557?private_link=c9e19badb74145cbc58b
brca_cv_early_onset_50.tsv.gz	https://ndownloader.figshare.com/files/5535560?private_link=c9e19badb74145cbc58b
cnv_brca.tsv.gz	https://ndownloader.figshare.com/files/5523938?private_link=c9e19badb74145cbc58b
methyl_brca.tsv.gz	https://ndownloader.figshare.com/files/5523941?private_link=c9e19badb74145cbc58b
mirna_brca.tsv.gz	https://ndownloader.figshare.com/files/5523944?private_link=c9e19badb74145cbc58b
mrna_brca.tsv.gz	https://ndownloader.figshare.com/files/5523947?private_link=c9e19badb74145cbc58b
mut_brca.tsv.gz	https://ndownloader.figshare.com/files/5523950?private_link=c9e19badb74145cbc58b
rppa_brca.tsv.gz	https://ndownloader.figshare.com/files/5523953?private_link=c9e19badb74145cbc58b
blca_cov_age.tsv.gz	https://ndownloader.figshare.com/files/5524745?private_link=c5e09dbdbd98e03ad52a
blca_cov_gender.tsv.gz	https://ndownloader.figshare.com/files/5524751?private_link=c5e09dbdbd98e03ad52a
blca_cov_grade.tsv.gz	https://ndownloader.figshare.com/files/5524757?private_link=c5e09dbdbd98e03ad52a
blca_cov_other_dx.tsv.gz	https://ndownloader.figshare.com/files/5524754?private_link=c5e09dbdbd98e03ad52a
blca_cov_pstage_n.tsv.gz	https://ndownloader.figshare.com/files/5524760?private_link=c5e09dbdbd98e03ad52a
blca_cov_pstage_t.tsv.gz	https://ndownloader.figshare.com/files/5524766?private_link=c5e09dbdbd98e03ad52a
blca_cov_pstage.tsv.gz	https://ndownloader.figshare.com/files/5524748?private_link=c5e09dbdbd98e03ad52a
blca_cov_race_ethn.tsv.gz	https://ndownloader.figshare.com/files/5524763?private_link=c5e09dbdbd98e03ad52a
blca_cov_smoking.tsv.gz	https://ndownloader.figshare.com/files/5524769?private_link=c5e09dbdbd98e03ad52a
blca_cov_subtype_blca.tsv.gz	https://ndownloader.figshare.com/files/5524772?private_link=c5e09dbdbd98e03ad52a
blca_cv_grade.tsv.gz	https://ndownloader.figshare.com/files/5524775?private_link=c5e09dbdbd98e03ad52a
blca_cv_pstage_n.tsv.gz	https://ndownloader.figshare.com/files/5524778?private_link=c5e09dbdbd98e03ad52a
blca_cv_pstage_t.tsv.gz	https://ndownloader.figshare.com/files/5524781?private_link=c5e09dbdbd98e03ad52a
blca_cv_pstage.tsv.gz	https://ndownloader.figshare.com/files/5524784?private_link=c5e09dbdbd98e03ad52a
blca_cv_race_ethn.tsv.gz	https://ndownloader.figshare.com/files/5524787?private_link=c5e09dbdbd98e03ad52a
blca_cv_subtype_blca.tsv.gz	https://ndownloader.figshare.com/files/5524790?private_link=c5e09dbdbd98e03ad52a
blca_cv_early_onset_50.tsv.gz	https://ndownloader.figshare.com/files/5535548?private_link=c5e09dbdbd98e03ad52a
cnv_blca.tsv.gz	https://ndownloader.figshare.com/files/5524793?private_link=c5e09dbdbd98e03ad52a
methyl_blca.tsv.gz	https://ndownloader.figshare.com/files/5524796?private_link=c5e09dbdbd98e03ad52a
mirna_blca.tsv.gz	https://ndownloader.figshare.com/files/5524799?private_link=c5e09dbdbd98e03ad52a
mrna_blca.tsv.gz	https://ndownloader.figshare.com/files/5524802?private_link=c5e09dbdbd98e03ad52a
mut_blca.tsv.gz	https://ndownloader.figshare.com/files/5524805?private_link=c5e09dbdbd98e03ad52a
rppa_blca.tsv.gz	https://ndownloader.figshare.com/files/5524808?private_link=c5e09dbdbd98e03ad52a
