Description	Iteration	Algorithm	Features
StrongSignal_Both	1	AlgorithmScripts/FeatureSelection/tsv/sklearn/anova/default	Feature1,Feature5,Feature4,Feature2,Feature3,Feature55_Low,Feature54_Low,Feature51_Low,Feature55_Medium,Feature52_Low,Feature53_Low,Feature52_Medium,Feature54_Medium,Feature51_Medium,Feature53_Medium,Feature96_Low,Feature64_Medium,Feature86_Low,Feature20,Feature89_Medium,Feature62_Medium,Feature78_Low,Feature89_Low,Feature98_Medium,Feature87_Medium,Feature23,Feature86_Medium,Feature99_Medium,Feature47,Feature90_Medium,Feature92_Medium,Feature70_Low,Feature91_Medium,Feature30,Feature70_Medium,Feature72_Low,Feature59_Medium,Feature65_Medium,Feature67_Low,Feature72_Medium,Feature82_Low,Feature87_Low,Feature95_Low,Feature67_Medium,Feature99_Low,Feature25,Feature40,Feature24,Feature48,Feature63_Medium,Feature82_Medium,Feature74_Low,Feature59_Low,Feature94_Low,Feature81_Low,Feature35,Feature80_Medium,Feature39,Feature46,Feature12,Feature83_Low,Feature75_Low,Feature29,Feature79_Medium,Feature21,Feature27,Feature88_Medium,Feature65_Low,Feature92_Low,Feature63_Low,Feature90_Low,Feature7,Feature32,Feature42,Feature58_Medium,Feature97_Low,Feature36,Feature88_Low,Feature49,Feature38,Feature60_Medium,Feature6,Feature37,Feature66_Medium,Feature73_Medium,Feature33,Feature78_Medium,Feature9,Feature15,Feature19,Feature66_Low,Feature71_Medium,Feature84_Medium,Feature56_Medium,Feature45,Feature60_Low,Feature93_Low,Feature84_Low,Feature80_Low,Feature14,Feature18,Feature16,Feature43,Feature57_Medium,Feature44,Feature96_Medium,Feature28,Feature69_Low,Feature62_Low,Feature100_Low,Feature26,Feature77_Medium,Feature98_Low,Feature56_Low,Feature76_Low,Feature85_Low,Feature34,Feature31,Feature95_Medium,Feature17,Feature57_Low,Feature75_Medium,Feature22,Feature100_Medium,Feature61_Medium,Feature83_Medium,Feature73_Low,Feature11,Feature79_Low,Feature93_Medium,Feature97_Medium,Feature41,Feature64_Low,Feature91_Low,Feature81_Medium,Feature74_Medium,Feature94_Medium,Feature77_Low,Feature71_Low,Feature76_Medium,Feature68_Medium,Feature85_Medium,Feature10,Feature13,Feature8,Feature50,Feature61_Low,Feature69_Medium,Feature58_Low,Feature68_Low
StrongSignal_Both	1	AlgorithmScripts/FeatureSelection/tsv/sklearn/mutual_info/default	Feature5,Feature4,Feature1,Feature2,Feature3,Feature55_Low,Feature54_Low,Feature55_Medium,Feature51_Low,Feature52_Medium,Feature53_Low,Feature51_Medium,Feature54_Medium,Feature52_Low,Feature70_Medium,Feature53_Medium,Feature86_Low,Feature88_Medium,Feature75_Low,Feature87_Low,Feature47,Feature67_Low,Feature87_Medium,Feature80_Medium,Feature85_Medium,Feature64_Medium,Feature23,Feature9,Feature20,Feature86_Medium,Feature65_Medium,Feature82_Low,Feature91_Low,Feature43,Feature89_Medium,Feature56_Low,Feature31,Feature66_Low,Feature34,Feature12,Feature37,Feature42,Feature79_Medium,Feature96_Low,Feature85_Low,Feature25,Feature96_Medium,Feature60_Medium,Feature84_Low,Feature93_Medium,Feature17,Feature72_Medium,Feature36,Feature30,Feature11,Feature97_Low,Feature39,Feature71_Low,Feature89_Low,Feature90_Medium,Feature26,Feature18,Feature69_Medium,Feature98_Medium,Feature29,Feature59_Medium,Feature59_Low,Feature81_Medium,Feature94_Medium,Feature78_Low,Feature63_Low,Feature32,Feature8,Feature92_Low,Feature40,Feature15,Feature77_Low,Feature91_Medium,Feature74_Medium,Feature62_Low,Feature94_Low,Feature73_Low,Feature27,Feature22,Feature58_Medium,Feature100_Medium,Feature64_Low,Feature68_Medium,Feature16,Feature73_Medium,Feature61_Medium,Feature63_Medium,Feature70_Low,Feature84_Medium,Feature61_Low,Feature92_Medium,Feature77_Medium,Feature80_Low,Feature35,Feature95_Low,Feature58_Low,Feature46,Feature60_Low,Feature81_Low,Feature24,Feature33,Feature21,Feature83_Low,Feature68_Low,Feature13,Feature76_Medium,Feature6,Feature98_Low,Feature99_Medium,Feature48,Feature50,Feature75_Medium,Feature38,Feature67_Medium,Feature45,Feature28,Feature62_Medium,Feature66_Medium,Feature41,Feature10,Feature79_Low,Feature95_Medium,Feature57_Medium,Feature72_Low,Feature74_Low,Feature88_Low,Feature57_Low,Feature83_Medium,Feature97_Medium,Feature14,Feature76_Low,Feature19,Feature100_Low,Feature44,Feature65_Low,Feature82_Medium,Feature90_Low,Feature49,Feature71_Medium,Feature56_Medium,Feature99_Low,Feature93_Low,Feature7,Feature69_Low,Feature78_Medium
StrongSignal_Both	1	AlgorithmScripts/FeatureSelection/tsv/sklearn/random_forest_rfe/default	Feature2,Feature1,Feature3,Feature4,Feature47,Feature5,Feature51_Low,Feature51_Medium,Feature52_Low,Feature52_Medium,Feature54_Low,Feature54_Medium,Feature55_Low,Feature55_Medium,Feature64_Medium,Feature10,Feature11,Feature12,Feature20,Feature22,Feature23,Feature25,Feature27,Feature34,Feature36,Feature40,Feature42,Feature43,Feature46,Feature53_Medium,Feature14,Feature15,Feature16,Feature17,Feature19,Feature21,Feature28,Feature32,Feature35,Feature39,Feature62_Medium,Feature78_Low,Feature82_Medium,Feature86_Low,Feature88_Medium,Feature100_Low,Feature100_Medium,Feature13,Feature18,Feature26,Feature29,Feature30,Feature48,Feature8,Feature89_Low,Feature89_Medium,Feature9,Feature91_Medium,Feature92_Medium,Feature94_Low,Feature24,Feature38,Feature49,Feature80_Medium,Feature81_Low,Feature84_Low,Feature84_Medium,Feature85_Low,Feature85_Medium,Feature86_Medium,Feature87_Low,Feature87_Medium,Feature88_Low,Feature96_Low,Feature98_Low,Feature33,Feature41,Feature50,Feature58_Medium,Feature78_Medium,Feature79_Low,Feature83_Low,Feature90_Low,Feature90_Medium,Feature91_Low,Feature92_Low,Feature93_Low,Feature94_Medium,Feature95_Medium,Feature97_Medium,Feature31,Feature6,Feature60_Low,Feature65_Medium,Feature66_Medium,Feature67_Low,Feature69_Medium,Feature7,Feature70_Low,Feature79_Medium,Feature82_Low,Feature83_Medium,Feature96_Medium,Feature97_Low,Feature98_Medium,Feature53_Low,Feature61_Medium,Feature64_Low,Feature65_Low,Feature67_Medium,Feature68_Low,Feature68_Medium,Feature69_Low,Feature70_Medium,Feature72_Medium,Feature73_Medium,Feature74_Low,Feature93_Medium,Feature95_Low,Feature99_Medium,Feature37,Feature44,Feature45,Feature66_Low,Feature71_Low,Feature71_Medium,Feature72_Low,Feature73_Low,Feature74_Medium,Feature75_Low,Feature75_Medium,Feature76_Low,Feature76_Medium,Feature77_Low,Feature77_Medium,Feature56_Low,Feature56_Medium,Feature57_Low,Feature57_Medium,Feature58_Low,Feature59_Low,Feature59_Medium,Feature60_Medium,Feature61_Low,Feature62_Low,Feature63_Low,Feature63_Medium,Feature80_Low,Feature81_Medium,Feature99_Low
StrongSignal_Both	1	AlgorithmScripts/FeatureSelection/tsv/sklearn/random_logistic_regression/default	Feature5,Feature55_Low,Feature3,Feature55_Medium,Feature54_Medium,Feature52_Medium,Feature54_Low,Feature1,Feature51_Medium,Feature51_Low,Feature53_Medium,Feature53_Low,Feature2,Feature52_Low,Feature4,Feature64_Medium,Feature86_Medium,Feature78_Low,Feature62_Medium,Feature23,Feature86_Low,Feature20,Feature99_Medium,Feature99_Low,Feature98_Medium,Feature98_Low,Feature97_Medium,Feature97_Low,Feature96_Medium,Feature96_Low,Feature95_Medium,Feature95_Low,Feature94_Medium,Feature94_Low,Feature93_Medium,Feature93_Low,Feature92_Medium,Feature92_Low,Feature91_Medium,Feature91_Low,Feature90_Medium,Feature90_Low,Feature9,Feature89_Medium,Feature89_Low,Feature88_Medium,Feature88_Low,Feature87_Medium,Feature87_Low,Feature85_Medium,Feature85_Low,Feature84_Medium,Feature84_Low,Feature83_Medium,Feature83_Low,Feature82_Medium,Feature82_Low,Feature81_Medium,Feature81_Low,Feature80_Medium,Feature80_Low,Feature8,Feature79_Medium,Feature79_Low,Feature78_Medium,Feature77_Medium,Feature77_Low,Feature76_Medium,Feature76_Low,Feature75_Medium,Feature75_Low,Feature74_Medium,Feature74_Low,Feature73_Medium,Feature73_Low,Feature72_Medium,Feature72_Low,Feature71_Medium,Feature71_Low,Feature70_Medium,Feature70_Low,Feature7,Feature69_Medium,Feature69_Low,Feature68_Medium,Feature68_Low,Feature67_Medium,Feature67_Low,Feature66_Medium,Feature66_Low,Feature65_Medium,Feature65_Low,Feature64_Low,Feature63_Medium,Feature63_Low,Feature62_Low,Feature61_Medium,Feature61_Low,Feature60_Medium,Feature60_Low,Feature6,Feature59_Medium,Feature59_Low,Feature58_Medium,Feature58_Low,Feature57_Medium,Feature57_Low,Feature56_Medium,Feature56_Low,Feature50,Feature49,Feature48,Feature47,Feature46,Feature45,Feature44,Feature43,Feature42,Feature41,Feature40,Feature39,Feature38,Feature37,Feature36,Feature35,Feature34,Feature33,Feature32,Feature31,Feature30,Feature29,Feature28,Feature27,Feature26,Feature25,Feature24,Feature22,Feature21,Feature19,Feature18,Feature17,Feature16,Feature15,Feature14,Feature13,Feature12,Feature11,Feature100_Medium,Feature100_Low,Feature10
StrongSignal_Both	1	AlgorithmScripts/FeatureSelection/tsv/sklearn/svm_rfe/default	Feature5,Feature1,Feature11,Feature13,Feature15,Feature16,Feature2,Feature23,Feature29,Feature3,Feature32,Feature33,Feature4,Feature51_Medium,Feature52_Low,Feature21,Feature25,Feature27,Feature31,Feature34,Feature36,Feature45,Feature47,Feature50,Feature53_Low,Feature53_Medium,Feature54_Medium,Feature55_Medium,Feature70_Medium,Feature80_Medium,Feature14,Feature22,Feature26,Feature43,Feature51_Low,Feature52_Medium,Feature54_Low,Feature55_Low,Feature6,Feature62_Medium,Feature7,Feature70_Low,Feature86_Medium,Feature90_Medium,Feature96_Low,Feature20,Feature30,Feature40,Feature42,Feature48,Feature59_Medium,Feature61_Medium,Feature64_Medium,Feature74_Low,Feature79_Medium,Feature83_Low,Feature86_Low,Feature89_Medium,Feature94_Medium,Feature98_Medium,Feature17,Feature19,Feature35,Feature37,Feature41,Feature57_Medium,Feature63_Medium,Feature65_Medium,Feature77_Medium,Feature82_Low,Feature82_Medium,Feature89_Low,Feature91_Medium,Feature93_Low,Feature97_Low,Feature24,Feature44,Feature49,Feature59_Low,Feature61_Low,Feature67_Medium,Feature71_Medium,Feature73_Medium,Feature78_Low,Feature84_Medium,Feature87_Medium,Feature88_Low,Feature88_Medium,Feature9,Feature94_Low,Feature100_Low,Feature100_Medium,Feature18,Feature38,Feature46,Feature60_Medium,Feature62_Low,Feature67_Low,Feature81_Low,Feature83_Medium,Feature85_Medium,Feature92_Low,Feature95_Low,Feature95_Medium,Feature97_Medium,Feature12,Feature28,Feature56_Low,Feature56_Medium,Feature57_Low,Feature58_Medium,Feature63_Low,Feature66_Low,Feature72_Low,Feature76_Low,Feature79_Low,Feature81_Medium,Feature90_Low,Feature91_Low,Feature98_Low,Feature10,Feature39,Feature60_Low,Feature68_Low,Feature71_Low,Feature72_Medium,Feature74_Medium,Feature76_Medium,Feature8,Feature80_Low,Feature84_Low,Feature87_Low,Feature92_Medium,Feature93_Medium,Feature96_Medium,Feature58_Low,Feature64_Low,Feature65_Low,Feature66_Medium,Feature68_Medium,Feature69_Low,Feature69_Medium,Feature73_Low,Feature75_Low,Feature75_Medium,Feature77_Low,Feature78_Medium,Feature85_Low,Feature99_Low,Feature99_Medium
StrongSignal_Both	2	AlgorithmScripts/FeatureSelection/tsv/sklearn/anova/default	Feature5,Feature3,Feature4,Feature2,Feature1,Feature51_Low,Feature55_Low,Feature52_Medium,Feature52_Low,Feature53_Low,Feature53_Medium,Feature54_Low,Feature55_Medium,Feature51_Medium,Feature54_Medium,Feature98_Medium,Feature95_Low,Feature64_Medium,Feature30,Feature67_Low,Feature73_Low,Feature89_Low,Feature91_Medium,Feature36,Feature65_Medium,Feature11,Feature43,Feature8,Feature78_Low,Feature12,Feature97_Medium,Feature37,Feature47,Feature60_Medium,Feature98_Low,Feature70_Medium,Feature74_Medium,Feature87_Medium,Feature33,Feature35,Feature16,Feature60_Low,Feature58_Medium,Feature76_Medium,Feature95_Medium,Feature75_Low,Feature44,Feature100_Medium,Feature20,Feature72_Low,Feature70_Low,Feature57_Low,Feature63_Medium,Feature6,Feature63_Low,Feature24,Feature67_Medium,Feature65_Low,Feature82_Low,Feature74_Low,Feature100_Low,Feature85_Low,Feature41,Feature29,Feature76_Low,Feature92_Medium,Feature9,Feature86_Low,Feature97_Low,Feature83_Low,Feature58_Low,Feature31,Feature15,Feature19,Feature59_Medium,Feature93_Medium,Feature81_Medium,Feature25,Feature73_Medium,Feature89_Medium,Feature85_Medium,Feature84_Medium,Feature26,Feature94_Medium,Feature66_Low,Feature96_Low,Feature86_Medium,Feature45,Feature42,Feature49,Feature90_Medium,Feature87_Low,Feature81_Low,Feature72_Medium,Feature21,Feature62_Medium,Feature39,Feature91_Low,Feature80_Medium,Feature13,Feature79_Medium,Feature62_Low,Feature56_Medium,Feature10,Feature59_Low,Feature71_Low,Feature18,Feature17,Feature23,Feature75_Medium,Feature77_Low,Feature14,Feature38,Feature46,Feature48,Feature27,Feature69_Low,Feature71_Medium,Feature56_Low,Feature88_Low,Feature34,Feature84_Low,Feature40,Feature96_Medium,Feature22,Feature83_Medium,Feature99_Medium,Feature61_Low,Feature66_Medium,Feature93_Low,Feature32,Feature64_Low,Feature90_Low,Feature61_Medium,Feature88_Medium,Feature80_Low,Feature68_Medium,Feature77_Medium,Feature28,Feature69_Medium,Feature78_Medium,Feature68_Low,Feature50,Feature79_Low,Feature7,Feature57_Medium,Feature92_Low,Feature94_Low,Feature99_Low,Feature82_Medium
StrongSignal_Both	2	AlgorithmScripts/FeatureSelection/tsv/sklearn/mutual_info/default	Feature5,Feature4,Feature3,Feature1,Feature2,Feature55_Low,Feature54_Low,Feature51_Low,Feature53_Medium,Feature53_Low,Feature52_Medium,Feature55_Medium,Feature52_Low,Feature51_Medium,Feature54_Medium,Feature64_Low,Feature30,Feature47,Feature43,Feature37,Feature98_Low,Feature67_Low,Feature98_Medium,Feature94_Medium,Feature85_Medium,Feature72_Medium,Feature35,Feature42,Feature44,Feature70_Medium,Feature33,Feature57_Low,Feature63_Low,Feature56_Low,Feature93_Medium,Feature31,Feature75_Low,Feature62_Low,Feature36,Feature96_Low,Feature6,Feature74_Medium,Feature72_Low,Feature87_Medium,Feature78_Low,Feature73_Medium,Feature17,Feature12,Feature66_Low,Feature64_Medium,Feature8,Feature84_Low,Feature91_Medium,Feature11,Feature81_Low,Feature70_Low,Feature28,Feature67_Medium,Feature58_Medium,Feature84_Medium,Feature21,Feature80_Medium,Feature100_Low,Feature68_Medium,Feature10,Feature99_Low,Feature22,Feature91_Low,Feature76_Medium,Feature58_Low,Feature14,Feature97_Medium,Feature69_Medium,Feature95_Low,Feature38,Feature57_Medium,Feature73_Low,Feature83_Low,Feature13,Feature71_Medium,Feature59_Medium,Feature99_Medium,Feature59_Low,Feature89_Low,Feature77_Low,Feature34,Feature15,Feature79_Medium,Feature90_Medium,Feature87_Low,Feature60_Medium,Feature94_Low,Feature27,Feature100_Medium,Feature16,Feature65_Medium,Feature9,Feature29,Feature61_Medium,Feature63_Medium,Feature61_Low,Feature92_Medium,Feature32,Feature77_Medium,Feature80_Low,Feature97_Low,Feature46,Feature60_Low,Feature18,Feature24,Feature71_Low,Feature68_Low,Feature40,Feature96_Medium,Feature89_Medium,Feature88_Medium,Feature23,Feature92_Low,Feature48,Feature81_Medium,Feature50,Feature25,Feature75_Medium,Feature45,Feature62_Medium,Feature66_Medium,Feature41,Feature79_Low,Feature95_Medium,Feature26,Feature86_Low,Feature74_Low,Feature88_Low,Feature39,Feature83_Medium,Feature76_Low,Feature19,Feature82_Low,Feature86_Medium,Feature65_Low,Feature82_Medium,Feature90_Low,Feature20,Feature49,Feature56_Medium,Feature93_Low,Feature7,Feature69_Low,Feature85_Low,Feature78_Medium
StrongSignal_Both	2	AlgorithmScripts/FeatureSelection/tsv/sklearn/random_forest_rfe/default	Feature3,Feature1,Feature2,Feature4,Feature43,Feature5,Feature51_Low,Feature52_Low,Feature52_Medium,Feature53_Low,Feature53_Medium,Feature54_Low,Feature54_Medium,Feature55_Low,Feature55_Medium,Feature10,Feature14,Feature17,Feature18,Feature26,Feature30,Feature31,Feature33,Feature36,Feature38,Feature40,Feature46,Feature48,Feature51_Medium,Feature8,Feature100_Low,Feature19,Feature23,Feature24,Feature25,Feature27,Feature28,Feature37,Feature41,Feature44,Feature65_Low,Feature67_Low,Feature9,Feature95_Medium,Feature96_Medium,Feature100_Medium,Feature11,Feature12,Feature13,Feature15,Feature16,Feature20,Feature21,Feature22,Feature29,Feature45,Feature64_Medium,Feature71_Medium,Feature89_Medium,Feature95_Low,Feature32,Feature34,Feature35,Feature42,Feature60_Low,Feature82_Medium,Feature85_Medium,Feature88_Low,Feature89_Low,Feature90_Low,Feature90_Medium,Feature91_Low,Feature91_Medium,Feature94_Low,Feature96_Low,Feature56_Low,Feature58_Low,Feature61_Medium,Feature62_Low,Feature62_Medium,Feature63_Low,Feature64_Low,Feature66_Low,Feature66_Medium,Feature72_Low,Feature73_Low,Feature80_Low,Feature92_Low,Feature97_Low,Feature97_Medium,Feature56_Medium,Feature57_Low,Feature57_Medium,Feature58_Medium,Feature59_Low,Feature59_Medium,Feature6,Feature60_Medium,Feature61_Low,Feature92_Medium,Feature93_Low,Feature93_Medium,Feature94_Medium,Feature98_Low,Feature98_Medium,Feature39,Feature50,Feature7,Feature82_Low,Feature83_Low,Feature83_Medium,Feature84_Low,Feature84_Medium,Feature85_Low,Feature86_Low,Feature86_Medium,Feature87_Low,Feature87_Medium,Feature88_Medium,Feature99_Low,Feature47,Feature49,Feature65_Medium,Feature74_Medium,Feature75_Medium,Feature77_Low,Feature77_Medium,Feature78_Low,Feature78_Medium,Feature79_Low,Feature79_Medium,Feature80_Medium,Feature81_Low,Feature81_Medium,Feature99_Medium,Feature63_Medium,Feature67_Medium,Feature68_Low,Feature68_Medium,Feature69_Low,Feature69_Medium,Feature70_Low,Feature70_Medium,Feature71_Low,Feature72_Medium,Feature73_Medium,Feature74_Low,Feature75_Low,Feature76_Low,Feature76_Medium
StrongSignal_Both	2	AlgorithmScripts/FeatureSelection/tsv/sklearn/random_logistic_regression/default	Feature5,Feature52_Medium,Feature55_Low,Feature53_Medium,Feature51_Low,Feature53_Low,Feature55_Medium,Feature3,Feature51_Medium,Feature54_Medium,Feature52_Low,Feature2,Feature4,Feature1,Feature54_Low,Feature98_Medium,Feature95_Low,Feature67_Low,Feature64_Medium,Feature73_Low,Feature70_Medium,Feature6,Feature29,Feature99_Medium,Feature99_Low,Feature98_Low,Feature97_Medium,Feature97_Low,Feature96_Medium,Feature96_Low,Feature95_Medium,Feature94_Medium,Feature94_Low,Feature93_Medium,Feature93_Low,Feature92_Medium,Feature92_Low,Feature91_Medium,Feature91_Low,Feature90_Medium,Feature90_Low,Feature9,Feature89_Medium,Feature89_Low,Feature88_Medium,Feature88_Low,Feature87_Medium,Feature87_Low,Feature86_Medium,Feature86_Low,Feature85_Medium,Feature85_Low,Feature84_Medium,Feature84_Low,Feature83_Medium,Feature83_Low,Feature82_Medium,Feature82_Low,Feature81_Medium,Feature81_Low,Feature80_Medium,Feature80_Low,Feature8,Feature79_Medium,Feature79_Low,Feature78_Medium,Feature78_Low,Feature77_Medium,Feature77_Low,Feature76_Medium,Feature76_Low,Feature75_Medium,Feature75_Low,Feature74_Medium,Feature74_Low,Feature73_Medium,Feature72_Medium,Feature72_Low,Feature71_Medium,Feature71_Low,Feature70_Low,Feature7,Feature69_Medium,Feature69_Low,Feature68_Medium,Feature68_Low,Feature67_Medium,Feature66_Medium,Feature66_Low,Feature65_Medium,Feature65_Low,Feature64_Low,Feature63_Medium,Feature63_Low,Feature62_Medium,Feature62_Low,Feature61_Medium,Feature61_Low,Feature60_Medium,Feature60_Low,Feature59_Medium,Feature59_Low,Feature58_Medium,Feature58_Low,Feature57_Medium,Feature57_Low,Feature56_Medium,Feature56_Low,Feature50,Feature49,Feature48,Feature47,Feature46,Feature45,Feature44,Feature43,Feature42,Feature41,Feature40,Feature39,Feature38,Feature37,Feature36,Feature35,Feature34,Feature33,Feature32,Feature31,Feature30,Feature28,Feature27,Feature26,Feature25,Feature24,Feature23,Feature22,Feature21,Feature20,Feature19,Feature18,Feature17,Feature16,Feature15,Feature14,Feature13,Feature12,Feature11,Feature100_Medium,Feature100_Low,Feature10
StrongSignal_Both	2	AlgorithmScripts/FeatureSelection/tsv/sklearn/svm_rfe/default	Feature5,Feature1,Feature11,Feature2,Feature23,Feature26,Feature29,Feature3,Feature33,Feature37,Feature4,Feature43,Feature47,Feature53_Medium,Feature6,Feature14,Feature21,Feature25,Feature28,Feature31,Feature40,Feature46,Feature51_Low,Feature51_Medium,Feature52_Low,Feature52_Medium,Feature53_Low,Feature63_Medium,Feature7,Feature98_Medium,Feature13,Feature18,Feature35,Feature36,Feature41,Feature44,Feature45,Feature54_Low,Feature55_Low,Feature55_Medium,Feature80_Medium,Feature86_Low,Feature86_Medium,Feature95_Medium,Feature97_Medium,Feature10,Feature20,Feature30,Feature32,Feature34,Feature38,Feature42,Feature54_Medium,Feature67_Medium,Feature70_Low,Feature74_Medium,Feature82_Low,Feature83_Low,Feature9,Feature93_Medium,Feature100_Medium,Feature15,Feature57_Medium,Feature58_Low,Feature58_Medium,Feature61_Medium,Feature65_Medium,Feature70_Medium,Feature76_Low,Feature77_Medium,Feature90_Medium,Feature91_Medium,Feature95_Low,Feature96_Medium,Feature97_Low,Feature12,Feature24,Feature49,Feature50,Feature61_Low,Feature63_Low,Feature64_Medium,Feature65_Low,Feature68_Low,Feature79_Medium,Feature81_Medium,Feature83_Medium,Feature85_Medium,Feature92_Medium,Feature94_Medium,Feature100_Low,Feature17,Feature19,Feature27,Feature48,Feature59_Medium,Feature62_Medium,Feature67_Low,Feature72_Medium,Feature73_Low,Feature8,Feature87_Medium,Feature92_Low,Feature96_Low,Feature98_Low,Feature39,Feature56_Medium,Feature57_Low,Feature68_Medium,Feature72_Low,Feature74_Low,Feature75_Low,Feature75_Medium,Feature78_Low,Feature79_Low,Feature82_Medium,Feature87_Low,Feature89_Low,Feature90_Low,Feature93_Low,Feature16,Feature22,Feature56_Low,Feature59_Low,Feature60_Medium,Feature66_Low,Feature69_Low,Feature69_Medium,Feature71_Medium,Feature78_Medium,Feature80_Low,Feature84_Low,Feature88_Medium,Feature89_Medium,Feature94_Low,Feature60_Low,Feature62_Low,Feature64_Low,Feature66_Medium,Feature71_Low,Feature73_Medium,Feature76_Medium,Feature77_Low,Feature81_Low,Feature84_Medium,Feature85_Low,Feature88_Low,Feature91_Low,Feature99_Low,Feature99_Medium
